VISAO TRANSPORTE;12240742000173
SANTOS BRASIL LOGISTICA;58180316000192
TRANSPORTE E COMERCIO FASSINA LTDA;45059060000975
MARIMEX;45050663001473
SANTOS BRASIL LOGISTICA S/A;58180316000192
NELCAR TRANSPORTES RODOVIARIOS;62379813000191
RG LOG LOGISTICA E TRANSPORTES LTDA;10213051000902
GELOG LOCACOES E TRANSPORTES;5457125000169
ECOPORTO SANTOS SA;2390435000115
ESSEMAGA LOGISTICA E TRANSPORTES LTDA.;54834007000138
MARIMEX DESPACHOS TRANSPORTES E SERVICO;45050663001473
MARIMEX DESPACHOS TRANSPORTES;45050663001473
;              
;              
;              
;
;              
